CropItem,Year,AreaHarvested(ha)
"Anise, badian, fennel, coriander",1990,151116.0
"Anise, badian, fennel, coriander",1991,187092.0
"Anise, badian, fennel, coriander",1992,332896.0
"Anise, badian, fennel, coriander",1993,436351.0
"Anise, badian, fennel, coriander",1994,303196.0
"Anise, badian, fennel, coriander",1995,300000.0
"Anise, badian, fennel, coriander",1996,325595.0
"Anise, badian, fennel, coriander",1997,350177.0
"Anise, badian, fennel, coriander",1998,367606.0
"Anise, badian, fennel, coriander",1999,367548.0
"Anise, badian, fennel, coriander",2000,344434.0
"Anise, badian, fennel, coriander",2001,569271.0
"Anise, badian, fennel, coriander",2002,547028.0
"Anise, badian, fennel, coriander",2003,476618.0
"Anise, badian, fennel, coriander",2004,410573.0
"Anise, badian, fennel, coriander",2005,446931.0
"Anise, badian, fennel, coriander",2006,473089.0
"Anise, badian, fennel, coriander",2007,565415.0
"Anise, badian, fennel, coriander",2008,604281.0
"Anise, badian, fennel, coriander",2009,573321.0
"Anise, badian, fennel, coriander",2010,569600.0
"Anise, badian, fennel, coriander",2011,693534.0
"Anise, badian, fennel, coriander",2012,693700.0
"Anise, badian, fennel, coriander",2013,696692.0
"Anise, badian, fennel, coriander",2014,738353.0
"Anise, badian, fennel, coriander",2015,683055.0
"Anise, badian, fennel, coriander",2016,884000.0
"Anise, badian, fennel, coriander",2017,1546000.0
"Anise, badian, fennel, coriander",2018,1564000.0
"Anise, badian, fennel, coriander",2019,1587000.0
Apples,1990,187198.0
Apples,1991,193638.0
Apples,1992,194561.0
Apples,1993,191256.0
Apples,1994,200000.0
Apples,1995,210000.0
Apples,1996,217099.0
Apples,1997,222700.0
Apples,1998,227680.0
Apples,1999,231000.0
Apples,2000,230000.0
Apples,2001,240000.0
Apples,2002,240000.0
Apples,2003,250000.0
Apples,2004,201200.0
Apples,2005,230700.0
Apples,2006,226600.0
Apples,2007,252000.0
Apples,2008,264000.0
Apples,2009,274000.0
Apples,2010,282900.0
Apples,2011,289100.0
Apples,2012,321900.0
Apples,2013,312000.0
Apples,2014,313040.0
Apples,2015,319000.0
Apples,2016,277000.0
Apples,2017,305000.0
Apples,2018,301000.0
Apples,2019,308000.0
Apricots,1990,2000.0
Apricots,1991,2100.0
Apricots,1992,2200.0
Apricots,1993,2300.0
Apricots,1994,2400.0
Apricots,1995,2519.0
Apricots,1996,2727.0
Apricots,1997,2805.0
Apricots,1998,2919.0
Apricots,1999,3279.0
Apricots,2000,3466.0
Apricots,2001,3514.0
Apricots,2002,3603.0
Apricots,2003,3727.0
Apricots,2004,3868.0
Apricots,2005,4016.0
Apricots,2006,4197.0
Apricots,2007,4361.0
Apricots,2008,4562.0
Apricots,2009,4703.0
Apricots,2010,4826.0
Apricots,2011,4924.0
Apricots,2012,5000.0
Apricots,2013,5000.0
Apricots,2014,5000.0
Apricots,2015,5021.0
Apricots,2016,5390.0
Apricots,2017,5480.0
Apricots,2018,5585.0
Apricots,2019,5690.0
Areca nuts,1990,209500.0
Areca nuts,1991,217000.0
Areca nuts,1992,221800.0
Areca nuts,1993,226600.0
Areca nuts,1994,235500.0
Areca nuts,1995,243900.0
Areca nuts,1996,255000.0
Areca nuts,1997,261200.0
Areca nuts,1998,268700.0
Areca nuts,1999,280000.0
Areca nuts,2000,290000.0
Areca nuts,2001,290000.0
Areca nuts,2002,290000.0
Areca nuts,2003,353400.0
Areca nuts,2004,365000.0
Areca nuts,2005,364300.0
Areca nuts,2006,381100.0
Areca nuts,2007,382700.0
Areca nuts,2008,386600.0
Areca nuts,2009,387100.0
Areca nuts,2010,400100.0
Areca nuts,2011,400100.0
Areca nuts,2012,464000.0
Areca nuts,2013,446000.0
Areca nuts,2014,452000.0
Areca nuts,2015,450000.0
Areca nuts,2016,474000.0
Areca nuts,2017,455000.0
Areca nuts,2018,497000.0
Areca nuts,2019,522000.0
Bananas,1990,365000.0
Bananas,1991,378600.0
Bananas,1992,425000.0
Bananas,1993,433000.0
Bananas,1994,441000.0
Bananas,1995,428000.0
Bananas,1996,438000.0
Bananas,1997,447000.0
Bananas,1998,460000.0
Bananas,1999,490000.0
Bananas,2000,469700.0
Bananas,2001,466200.0
Bananas,2002,475300.0
Bananas,2003,498600.0
Bananas,2004,589600.0
Bananas,2005,569500.0
Bananas,2006,604200.0
Bananas,2007,658000.0
Bananas,2008,709000.0
Bananas,2009,770300.0
Bananas,2010,830000.0
Bananas,2011,796500.0
Bananas,2012,776000.0
Bananas,2013,796000.0
Bananas,2014,802570.0
Bananas,2015,822000.0
Bananas,2016,841000.0
Bananas,2017,860000.0
Bananas,2018,884000.0
Bananas,2019,866000.0
Barley,1990,990600.0
Barley,1991,962200.0
Barley,1992,953900.0
Barley,1993,915600.0
Barley,1994,794100.0
Barley,1995,890800.0
Barley,1996,824000.0
Barley,1997,757400.0
Barley,1998,857800.0
Barley,1999,792800.0
Barley,2000,724500.0
Barley,2001,777500.0
Barley,2002,659500.0
Barley,2003,701600.0
Barley,2004,657000.0
Barley,2005,616500.0
Barley,2006,629900.0
Barley,2007,646200.0
Barley,2008,602600.0
Barley,2009,705700.0
Barley,2010,623800.0
Barley,2011,705400.0
Barley,2012,643000.0
Barley,2013,695000.0
Barley,2014,673500.0
Barley,2015,707000.0
Barley,2016,590000.0
Barley,2017,656250.0
Barley,2018,660800.0
Barley,2019,575600.0
"Bastfibres, other",1990,311200.0
"Bastfibres, other",1991,301600.0
"Bastfibres, other",1992,263800.0
"Bastfibres, other",1993,254200.0
"Bastfibres, other",1994,252800.0
"Bastfibres, other",1995,249300.0
"Bastfibres, other",1996,203000.0
"Bastfibres, other",1997,190000.0
"Bastfibres, other",1998,177100.0
"Bastfibres, other",1999,185800.0
"Bastfibres, other",2000,188700.0
"Bastfibres, other",2001,189700.0
"Bastfibres, other",2002,174100.0
"Bastfibres, other",2003,170800.0
"Bastfibres, other",2004,152500.0
"Bastfibres, other",2005,141800.0
"Bastfibres, other",2006,137900.0
"Bastfibres, other",2007,144000.0
"Bastfibres, other",2008,135000.0
"Bastfibres, other",2009,120000.0
"Bastfibres, other",2010,87000.0
"Bastfibres, other",2011,91000.0
"Bastfibres, other",2012,87000.0
"Bastfibres, other",2013,100000.0
"Bastfibres, other",2014,88325.0
"Bastfibres, other",2015,81031.0
"Bastfibres, other",2016,74990.0
"Bastfibres, other",2017,69593.0
"Bastfibres, other",2018,64243.0
"Bastfibres, other",2019,58939.0
"Beans, dry",1990,9790700.0
"Beans, dry",1991,9682000.0
"Beans, dry",1992,8745000.0
"Beans, dry",1993,8542000.0
"Beans, dry",1994,8361000.0
"Beans, dry",1995,7833700.0
"Beans, dry",1996,8416400.0
"Beans, dry",1997,8418400.0
"Beans, dry",1998,7394000.0
"Beans, dry",1999,5970300.0
"Beans, dry",2000,5845200.0
"Beans, dry",2001,6019700.0
"Beans, dry",2002,7851300.0
"Beans, dry",2003,9274600.0
"Beans, dry",2004,8782800.0
"Beans, dry",2005,8047000.0
"Beans, dry",2006,8549300.0
"Beans, dry",2007,10000000.0
"Beans, dry",2008,8000000.0
"Beans, dry",2009,6000000.0
"Beans, dry",2010,11000000.0
"Beans, dry",2011,11000000.0
"Beans, dry",2012,9100000.0
"Beans, dry",2013,9100000.0
"Beans, dry",2014,10000000.0
"Beans, dry",2015,10289384.0
"Beans, dry",2016,14191848.0
"Beans, dry",2017,15213726.0
"Beans, dry",2018,14895604.0
"Beans, dry",2019,12690696.0
"Beans, green",1990,134666.0
"Beans, green",1991,143000.0
"Beans, green",1992,143728.0
"Beans, green",1993,144000.0
"Beans, green",1994,145000.0
"Beans, green",1995,145209.0
"Beans, green",1996,148000.0
"Beans, green",1997,149392.0
"Beans, green",1998,150000.0
"Beans, green",1999,152191.0
"Beans, green",2000,152838.0
"Beans, green",2001,156891.0
"Beans, green",2002,160155.0
"Beans, green",2003,163574.0
"Beans, green",2004,167605.0
"Beans, green",2005,181585.0
"Beans, green",2006,187359.0
"Beans, green",2007,192986.0
"Beans, green",2008,198708.0
"Beans, green",2009,204293.0
"Beans, green",2010,209662.0
"Beans, green",2011,214763.0
"Beans, green",2012,220000.0
"Beans, green",2013,220000.0
"Beans, green",2014,222967.0
"Beans, green",2015,234199.0
"Beans, green",2016,240317.0
"Beans, green",2017,245648.0
"Beans, green",2018,250966.0
"Beans, green",2019,256271.0
Berries nes,1990,280.0
Berries nes,1991,213.0
Berries nes,1992,217.0
Berries nes,1993,221.0
Berries nes,1994,225.0
Berries nes,1995,229.0
Berries nes,1996,232.0
Berries nes,1997,236.0
Berries nes,1998,240.0
Berries nes,1999,244.0
Berries nes,2000,248.0
Berries nes,2001,252.0
Berries nes,2002,256.0
Berries nes,2003,260.0
Berries nes,2004,263.0
Berries nes,2005,267.0
Berries nes,2006,271.0
Berries nes,2007,253.0
Berries nes,2008,280.0
Berries nes,2009,285.0
Berries nes,2010,289.0
Berries nes,2011,292.0
Berries nes,2012,300.0
Berries nes,2013,300.0
Berries nes,2014,300.0
Berries nes,2015,306.0
Berries nes,2016,313.0
Berries nes,2017,317.0
Berries nes,2018,320.0
Berries nes,2019,324.0
Cabbages and other brassicas,1990,167896.0
Cabbages and other brassicas,1991,178353.0
Cabbages and other brassicas,1992,215865.0
Cabbages and other brassicas,1993,230000.0
Cabbages and other brassicas,1994,220000.0
Cabbages and other brassicas,1995,222500.0
Cabbages and other brassicas,1996,225000.0
Cabbages and other brassicas,1997,227500.0
Cabbages and other brassicas,1998,230000.0
Cabbages and other brassicas,1999,240000.0
Cabbages and other brassicas,2000,258300.0
Cabbages and other brassicas,2001,245400.0
Cabbages and other brassicas,2002,258100.0
Cabbages and other brassicas,2003,233800.0
Cabbages and other brassicas,2004,255100.0
Cabbages and other brassicas,2005,287800.0
Cabbages and other brassicas,2006,253500.0
Cabbages and other brassicas,2007,249000.0
Cabbages and other brassicas,2008,266000.0
Cabbages and other brassicas,2009,310200.0
Cabbages and other brassicas,2010,300500.0
Cabbages and other brassicas,2011,369000.0
Cabbages and other brassicas,2012,390000.0
Cabbages and other brassicas,2013,372000.0
Cabbages and other brassicas,2014,400140.0
Cabbages and other brassicas,2015,386000.0
Cabbages and other brassicas,2016,394000.0
Cabbages and other brassicas,2017,395000.0
Cabbages and other brassicas,2018,399000.0
Cabbages and other brassicas,2019,400000.0
Carrots and turnips,1990,20000.0
Carrots and turnips,1991,20124.0
Carrots and turnips,1992,20500.0
Carrots and turnips,1993,20600.0
Carrots and turnips,1994,20919.0
Carrots and turnips,1995,20800.0
Carrots and turnips,1996,22000.0
Carrots and turnips,1997,23500.0
Carrots and turnips,1998,23592.0
Carrots and turnips,1999,24014.0
Carrots and turnips,2000,24000.0
Carrots and turnips,2001,25056.0
Carrots and turnips,2002,25785.0
Carrots and turnips,2003,26528.0
Carrots and turnips,2004,27263.0
Carrots and turnips,2005,28121.0
Carrots and turnips,2006,28900.0
Carrots and turnips,2007,29683.0
Carrots and turnips,2008,30466.0
Carrots and turnips,2009,31245.0
Carrots and turnips,2010,32019.0
Carrots and turnips,2011,32785.0
Carrots and turnips,2012,34000.0
Carrots and turnips,2013,34000.0
Carrots and turnips,2014,34772.0
Carrots and turnips,2015,35955.0
Carrots and turnips,2016,36445.0
Carrots and turnips,2017,37155.0
Carrots and turnips,2018,390345.0
Carrots and turnips,2019,390345.0
"Cashew nuts, with shell",1990,530869.0
"Cashew nuts, with shell",1991,531849.0
"Cashew nuts, with shell",1992,533549.0
"Cashew nuts, with shell",1993,560000.0
"Cashew nuts, with shell",1994,565000.0
"Cashew nuts, with shell",1995,577000.0
"Cashew nuts, with shell",1996,635000.0
"Cashew nuts, with shell",1997,659000.0
"Cashew nuts, with shell",1998,675000.0
"Cashew nuts, with shell",1999,706000.0
"Cashew nuts, with shell",2000,686000.0
"Cashew nuts, with shell",2001,700000.0
"Cashew nuts, with shell",2002,750000.0
"Cashew nuts, with shell",2003,770000.0
"Cashew nuts, with shell",2004,780000.0
"Cashew nuts, with shell",2005,820000.0
"Cashew nuts, with shell",2006,837000.0
"Cashew nuts, with shell",2007,854000.0
"Cashew nuts, with shell",2008,868000.0
"Cashew nuts, with shell",2009,893000.0
"Cashew nuts, with shell",2010,923000.0
"Cashew nuts, with shell",2011,953200.0
"Cashew nuts, with shell",2012,979000.0
"Cashew nuts, with shell",2013,992000.0
"Cashew nuts, with shell",2014,1011000.0
"Cashew nuts, with shell",2015,1030000.0
"Cashew nuts, with shell",2016,1036000.0
"Cashew nuts, with shell",2017,978000.0
"Cashew nuts, with shell",2018,1062000.0
"Cashew nuts, with shell",2019,1105000.0
Cassava,1990,241600.0
Cassava,1991,247400.0
Cassava,1992,250900.0
Cassava,1993,234900.0
Cassava,1994,245800.0
Cassava,1995,231700.0
Cassava,1996,228200.0
Cassava,1997,256100.0
Cassava,1998,264300.0
Cassava,1999,243400.0
Cassava,2000,223500.0
Cassava,2001,253500.0
Cassava,2002,238900.0
Cassava,2003,207000.0
Cassava,2004,220000.0
Cassava,2005,244700.0
Cassava,2006,244600.0
Cassava,2007,255500.0
Cassava,2008,270000.0
Cassava,2009,280200.0
Cassava,2010,231900.0
Cassava,2011,221400.0
Cassava,2012,226700.0
Cassava,2013,207000.0
Cassava,2014,228280.0
Cassava,2015,208000.0
Cassava,2016,204000.0
Cassava,2017,199000.0
Cassava,2018,173000.0
Cassava,2019,163000.0
Castor oil seed,1990,810000.0
Castor oil seed,1991,711800.0
Castor oil seed,1992,659700.0
Castor oil seed,1993,685000.0
Castor oil seed,1994,779000.0
Castor oil seed,1995,789000.0
Castor oil seed,1996,740000.0
Castor oil seed,1997,641400.0
Castor oil seed,1998,682500.0
Castor oil seed,1999,781700.0
Castor oil seed,2000,1079700.0
Castor oil seed,2001,716700.0
Castor oil seed,2002,583000.0
Castor oil seed,2003,717200.0
Castor oil seed,2004,743000.0
Castor oil seed,2005,864200.0
Castor oil seed,2006,639000.0
Castor oil seed,2007,787000.0
Castor oil seed,2008,866200.0
Castor oil seed,2009,734900.0
Castor oil seed,2010,884680.0
Castor oil seed,2011,1471000.0
Castor oil seed,2012,1234000.0
Castor oil seed,2013,1063190.0
Castor oil seed,2014,1105000.0
Castor oil seed,2015,1089000.0
Castor oil seed,2016,1037000.0
Castor oil seed,2017,807920.0
Castor oil seed,2018,824130.0
Castor oil seed,2019,751320.0
Cauliflowers and broccoli,1990,238632.0
Cauliflowers and broccoli,1991,202787.0
Cauliflowers and broccoli,1992,222436.0
Cauliflowers and broccoli,1993,190000.0
Cauliflowers and broccoli,1994,230000.0
Cauliflowers and broccoli,1995,235000.0
Cauliflowers and broccoli,1996,280000.0
Cauliflowers and broccoli,1997,290000.0
Cauliflowers and broccoli,1998,250000.0
Cauliflowers and broccoli,1999,250000.0
Cauliflowers and broccoli,2000,250000.0
Cauliflowers and broccoli,2001,260000.0
Cauliflowers and broccoli,2002,270000.0
Cauliflowers and broccoli,2003,280000.0
Cauliflowers and broccoli,2004,267900.0
Cauliflowers and broccoli,2005,238500.0
Cauliflowers and broccoli,2006,288600.0
Cauliflowers and broccoli,2007,302000.0
Cauliflowers and broccoli,2008,312000.0
Cauliflowers and broccoli,2009,348900.0
Cauliflowers and broccoli,2010,347900.0
Cauliflowers and broccoli,2011,369000.0
Cauliflowers and broccoli,2012,391000.0
Cauliflowers and broccoli,2013,402000.0
Cauliflowers and broccoli,2014,433870.0
Cauliflowers and broccoli,2015,411000.0
Cauliflowers and broccoli,2016,426000.0
Cauliflowers and broccoli,2017,454000.0
Cauliflowers and broccoli,2018,453000.0
Cauliflowers and broccoli,2019,465000.0
Cherries,1990,1300.0
Cherries,1991,1400.0
Cherries,1992,1445.0
Cherries,1993,1500.0
Cherries,1994,1600.0
Cherries,1995,1625.0
Cherries,1996,1700.0
Cherries,1997,1754.0
Cherries,1998,1828.0
Cherries,1999,2678.0
Cherries,2000,2805.0
Cherries,2001,2860.0
Cherries,2002,2862.0
Cherries,2003,2932.0
Cherries,2004,2998.0
Cherries,2005,3059.0
Cherries,2006,3089.0
Cherries,2007,3137.0
Cherries,2008,3167.0
Cherries,2009,3186.0
Cherries,2010,3226.0
Cherries,2011,3266.0
Cherries,2012,3300.0
Cherries,2013,3300.0
Cherries,2014,3500.0
Cherries,2015,3599.0
Cherries,2016,3528.0
Cherries,2017,3539.0
Cherries,2018,3567.0
Cherries,2019,3595.0
Chick peas,1990,6470500.0
Chick peas,1991,7521300.0
Chick peas,1992,5579900.0
Chick peas,1993,6453700.0
Chick peas,1994,6358900.0
Chick peas,1995,7543000.0
Chick peas,1996,7116000.0
Chick peas,1997,6846700.0
Chick peas,1998,7563200.0
Chick peas,1999,8469100.0
Chick peas,2000,6146300.0
Chick peas,2001,5185300.0
Chick peas,2002,6416200.0
Chick peas,2003,5906400.0
Chick peas,2004,7048100.0
Chick peas,2005,6714600.0
Chick peas,2006,6896200.0
Chick peas,2007,7493900.0
Chick peas,2008,7543700.0
Chick peas,2009,7890000.0
Chick peas,2010,8170000.0
Chick peas,2011,9190000.0
Chick peas,2012,8320000.0
Chick peas,2013,8522000.0
Chick peas,2014,9927000.0
Chick peas,2015,8251000.0
Chick peas,2016,8399000.0
Chick peas,2017,9626160.0
Chick peas,2018,10560430.0
Chick peas,2019,9547030.0
"Chillies and peppers, dry",1990,816200.0
"Chillies and peppers, dry",1991,846600.0
"Chillies and peppers, dry",1992,962100.0
"Chillies and peppers, dry",1993,930000.0
"Chillies and peppers, dry",1994,829100.0
"Chillies and peppers, dry",1995,883000.0
"Chillies and peppers, dry",1996,944000.0
"Chillies and peppers, dry",1997,840600.0
"Chillies and peppers, dry",1998,891200.0
"Chillies and peppers, dry",1999,959200.0
"Chillies and peppers, dry",2000,836500.0
"Chillies and peppers, dry",2001,880000.0
"Chillies and peppers, dry",2002,828600.0
"Chillies and peppers, dry",2003,774300.0
"Chillies and peppers, dry",2004,737500.0
"Chillies and peppers, dry",2005,654900.0
"Chillies and peppers, dry",2006,758000.0
"Chillies and peppers, dry",2007,808170.0
"Chillies and peppers, dry",2008,779050.0
"Chillies and peppers, dry",2009,767230.0
"Chillies and peppers, dry",2010,792100.0
"Chillies and peppers, dry",2011,804792.0
"Chillies and peppers, dry",2012,793590.0
"Chillies and peppers, dry",2013,775000.0
"Chillies and peppers, dry",2014,775000.0
"Chillies and peppers, dry",2015,761000.0
"Chillies and peppers, dry",2016,811140.0
"Chillies and peppers, dry",2017,840000.0
"Chillies and peppers, dry",2018,752000.0
"Chillies and peppers, dry",2019,780000.0
"Chillies and peppers, green",1990,4750.0
"Chillies and peppers, green",1991,4783.0
"Chillies and peppers, green",1992,4800.0
"Chillies and peppers, green",1993,4830.0
"Chillies and peppers, green",1994,4900.0
"Chillies and peppers, green",1995,5000.0
"Chillies and peppers, green",1996,5200.0
"Chillies and peppers, green",1997,5300.0
"Chillies and peppers, green",1998,5400.0
"Chillies and peppers, green",1999,5463.0
"Chillies and peppers, green",2000,5500.0
"Chillies and peppers, green",2001,5598.0
"Chillies and peppers, green",2002,5707.0
"Chillies and peppers, green",2003,5757.0
"Chillies and peppers, green",2004,5814.0
"Chillies and peppers, green",2005,5924.0
"Chillies and peppers, green",2006,5800.0
"Chillies and peppers, green",2007,6267.0
"Chillies and peppers, green",2008,6551.0
"Chillies and peppers, green",2009,6864.0
"Chillies and peppers, green",2010,7188.0
"Chillies and peppers, green",2011,7502.0
"Chillies and peppers, green",2012,8000.0
"Chillies and peppers, green",2013,8000.0
"Chillies and peppers, green",2014,8215.0
"Chillies and peppers, green",2015,8644.0
"Chillies and peppers, green",2016,8969.0
"Chillies and peppers, green",2017,9274.0
"Chillies and peppers, green",2018,9581.0
"Chillies and peppers, green",2019,9892.0
"Cocoa, beans",1990,20000.0
"Cocoa, beans",1991,20000.0
"Cocoa, beans",1992,20000.0
"Cocoa, beans",1993,20000.0
"Cocoa, beans",1994,11883.0
"Cocoa, beans",1995,10727.0
"Cocoa, beans",1996,11780.0
"Cocoa, beans",1997,12394.0
"Cocoa, beans",1998,12038.0
"Cocoa, beans",1999,12402.0
"Cocoa, beans",2000,16185.0
"Cocoa, beans",2001,15740.0
"Cocoa, beans",2002,16130.0
"Cocoa, beans",2003,21893.0
"Cocoa, beans",2004,25157.0
"Cocoa, beans",2005,27811.0
"Cocoa, beans",2006,29471.0
"Cocoa, beans",2007,30341.0
"Cocoa, beans",2008,31885.0
"Cocoa, beans",2009,34049.0
"Cocoa, beans",2010,46300.0
"Cocoa, beans",2011,56500.0
"Cocoa, beans",2012,63000.0
"Cocoa, beans",2013,66000.0
"Cocoa, beans",2014,71000.0
"Cocoa, beans",2015,78000.0
"Cocoa, beans",2016,81000.0
"Cocoa, beans",2017,83000.0
"Cocoa, beans",2018,89000.0
"Cocoa, beans",2019,94000.0
Coconuts,1990,1475000.0
Coconuts,1991,1529000.0
Coconuts,1992,1537700.0
Coconuts,1993,1635100.0
Coconuts,1994,1713800.0
Coconuts,1995,1833000.0
Coconuts,1996,1891000.0
Coconuts,1997,1861000.0
Coconuts,1998,1754500.0
Coconuts,1999,1768100.0
Coconuts,2000,1770000.0
Coconuts,2001,1840000.0
Coconuts,2002,1930000.0
Coconuts,2003,1921800.0
Coconuts,2004,1933700.0
Coconuts,2005,1935000.0
Coconuts,2006,1946800.0
Coconuts,2007,1940000.0
Coconuts,2008,1903200.0
Coconuts,2009,1895200.0
Coconuts,2010,1895900.0
Coconuts,2011,2070820.0
Coconuts,2012,2137000.0
Coconuts,2013,2140000.0
Coconuts,2014,1975800.0
Coconuts,2015,2088500.0
Coconuts,2016,2082000.0
Coconuts,2017,2081000.0
Coconuts,2018,2097000.0
Coconuts,2019,2151000.0
"Coffee, green",1990,221000.0
"Coffee, green",1991,223500.0
"Coffee, green",1992,223500.0
"Coffee, green",1993,223500.0
"Coffee, green",1994,226500.0
"Coffee, green",1995,228500.0
"Coffee, green",1996,242000.0
"Coffee, green",1997,251284.0
"Coffee, green",1998,285652.0
"Coffee, green",1999,302234.0
"Coffee, green",2000,308433.0
"Coffee, green",2001,313934.0
"Coffee, green",2002,320737.0
"Coffee, green",2003,320615.0
"Coffee, green",2004,325124.0
"Coffee, green",2005,333338.0
"Coffee, green",2006,341351.0
"Coffee, green",2007,343040.0
"Coffee, green",2008,344508.0
"Coffee, green",2009,350500.0
"Coffee, green",2010,355502.0
"Coffee, green",2011,360485.0
"Coffee, green",2012,368687.0
"Coffee, green",2013,376305.0
"Coffee, green",2014,381304.0
"Coffee, green",2015,423270.0
"Coffee, green",2016,434436.0
"Coffee, green",2017,449357.0
"Coffee, green",2018,413020.0
"Coffee, green",2019,416741.0
Cucumbers and gherkins,1990,15900.0
Cucumbers and gherkins,1991,16288.0
Cucumbers and gherkins,1992,16500.0
Cucumbers and gherkins,1993,16700.0
Cucumbers and gherkins,1994,16900.0
Cucumbers and gherkins,1995,17000.0
Cucumbers and gherkins,1996,17200.0
Cucumbers and gherkins,1997,17300.0
Cucumbers and gherkins,1998,17500.0
Cucumbers and gherkins,1999,17800.0
Cucumbers and gherkins,2000,18000.0
Cucumbers and gherkins,2001,18193.0
Cucumbers and gherkins,2002,18627.0
Cucumbers and gherkins,2003,19087.0
Cucumbers and gherkins,2004,19581.0
Cucumbers and gherkins,2005,20070.0
Cucumbers and gherkins,2006,21802.0
Cucumbers and gherkins,2007,22557.0
Cucumbers and gherkins,2008,23362.0
Cucumbers and gherkins,2009,24164.0
Cucumbers and gherkins,2010,24917.0
Cucumbers and gherkins,2011,25610.0
Cucumbers and gherkins,2012,26500.0
Cucumbers and gherkins,2013,26500.0
Cucumbers and gherkins,2014,26767.0
Cucumbers and gherkins,2015,28545.0
Cucumbers and gherkins,2016,29395.0
Cucumbers and gherkins,2017,30185.0
Cucumbers and gherkins,2018,30978.0
Cucumbers and gherkins,2019,31776.0
Eggplants (aubergines),1990,295000.0
Eggplants (aubergines),1991,300000.0
Eggplants (aubergines),1992,194000.0
Eggplants (aubergines),1993,252000.0
Eggplants (aubergines),1994,280000.0
Eggplants (aubergines),1995,420000.0
Eggplants (aubergines),1996,409514.0
Eggplants (aubergines),1997,430000.0
Eggplants (aubergines),1998,480000.0
Eggplants (aubergines),1999,490000.0
Eggplants (aubergines),2000,500000.0
Eggplants (aubergines),2001,470000.0
Eggplants (aubergines),2002,500000.0
Eggplants (aubergines),2003,500000.0
Eggplants (aubergines),2004,516400.0
Eggplants (aubergines),2005,526500.0
Eggplants (aubergines),2006,559700.0
Eggplants (aubergines),2007,568000.0
Eggplants (aubergines),2008,561000.0
Eggplants (aubergines),2009,600300.0
Eggplants (aubergines),2010,612400.0
Eggplants (aubergines),2011,680000.0
Eggplants (aubergines),2012,692000.0
Eggplants (aubergines),2013,722000.0
Eggplants (aubergines),2014,711310.0
Eggplants (aubergines),2015,673000.0
Eggplants (aubergines),2016,663000.0
Eggplants (aubergines),2017,733000.0
Eggplants (aubergines),2018,730000.0
Eggplants (aubergines),2019,727000.0
Figs,1990,2100.0
Figs,1991,2200.0
Figs,1992,2400.0
Figs,1993,2600.0
Figs,1994,2974.0
Figs,1995,3349.0
Figs,1996,3613.0
Figs,1997,3694.0
Figs,1998,3819.0
Figs,1999,4290.0
Figs,2000,4543.0
Figs,2001,4751.0
Figs,2002,4955.0
Figs,2003,5153.0
Figs,2004,5328.0
Figs,2005,5366.0
Figs,2006,5154.0
Figs,2007,5356.0
Figs,2008,5323.0
Figs,2009,5361.0
Figs,2010,5407.0
Figs,2011,5451.0
Figs,2012,5500.0
Figs,2013,5500.0
Figs,2014,5600.0
Figs,2015,5649.0
Figs,2016,5632.0
Figs,2017,5665.0
Figs,2018,5700.0
Figs,2019,5734.0
"Fruit, citrus nes",1990,6700.0
"Fruit, citrus nes",1991,6800.0
"Fruit, citrus nes",1992,8000.0
"Fruit, citrus nes",1993,7100.0
"Fruit, citrus nes",1994,7500.0
"Fruit, citrus nes",1995,7938.0
"Fruit, citrus nes",1996,8286.0
"Fruit, citrus nes",1997,8290.0
"Fruit, citrus nes",1998,8444.0
"Fruit, citrus nes",1999,7500.0
"Fruit, citrus nes",2000,8000.0
"Fruit, citrus nes",2001,6647.0
"Fruit, citrus nes",2002,7565.0
"Fruit, citrus nes",2003,9600.0
"Fruit, citrus nes",2004,9600.0
"Fruit, citrus nes",2005,10000.0
"Fruit, citrus nes",2006,31000.0
"Fruit, citrus nes",2007,31000.0
"Fruit, citrus nes",2008,36200.0
"Fruit, citrus nes",2009,50700.0
"Fruit, citrus nes",2010,63000.0
"Fruit, citrus nes",2011,47000.0
"Fruit, citrus nes",2012,77000.0
"Fruit, citrus nes",2013,68000.0
"Fruit, citrus nes",2014,57000.0
"Fruit, citrus nes",2015,60000.0
"Fruit, citrus nes",2016,99150.0
"Fruit, citrus nes",2017,136000.0
"Fruit, citrus nes",2018,103000.0
"Fruit, citrus nes",2019,112000.0
"Fruit, fresh nes",1990,366539.0
"Fruit, fresh nes",1991,410000.0
"Fruit, fresh nes",1992,535000.0
"Fruit, fresh nes",1993,488741.0
"Fruit, fresh nes",1994,491527.0
"Fruit, fresh nes",1995,515724.0
"Fruit, fresh nes",1996,550000.0
"Fruit, fresh nes",1997,570000.0
"Fruit, fresh nes",1998,780000.0
"Fruit, fresh nes",1999,750000.0
"Fruit, fresh nes",2000,650000.0
"Fruit, fresh nes",2001,700000.0
"Fruit, fresh nes",2002,630000.0
"Fruit, fresh nes",2003,480000.0
"Fruit, fresh nes",2004,751100.0
"Fruit, fresh nes",2005,921700.0
"Fruit, fresh nes",2006,1005800.0
"Fruit, fresh nes",2007,1016200.0
"Fruit, fresh nes",2008,1112000.0
"Fruit, fresh nes",2009,1083000.0
"Fruit, fresh nes",2010,1105000.0
"Fruit, fresh nes",2011,1265000.0
"Fruit, fresh nes",2012,1383000.0
"Fruit, fresh nes",2013,1402000.0
"Fruit, fresh nes",2014,1484000.0
"Fruit, fresh nes",2015,1328881.0
"Fruit, fresh nes",2016,1234380.0
"Fruit, fresh nes",2017,1108000.0
"Fruit, fresh nes",2018,1167000.0
"Fruit, fresh nes",2019,1181000.0
"Fruit, stone nes",1990,204.0
"Fruit, stone nes",1991,499.0
"Fruit, stone nes",1992,502.0
"Fruit, stone nes",1993,506.0
"Fruit, stone nes",1994,510.0
"Fruit, stone nes",1995,514.0
"Fruit, stone nes",1996,518.0
"Fruit, stone nes",1997,522.0
"Fruit, stone nes",1998,525.0
"Fruit, stone nes",1999,529.0
"Fruit, stone nes",2000,533.0
"Fruit, stone nes",2001,537.0
"Fruit, stone nes",2002,541.0
"Fruit, stone nes",2003,545.0
"Fruit, stone nes",2004,549.0
"Fruit, stone nes",2005,552.0
"Fruit, stone nes",2006,556.0
"Fruit, stone nes",2007,560.0
"Fruit, stone nes",2008,564.0
"Fruit, stone nes",2009,568.0
"Fruit, stone nes",2010,566.0
"Fruit, stone nes",2011,573.0
"Fruit, stone nes",2012,575.0
"Fruit, stone nes",2013,575.0
"Fruit, stone nes",2014,600.0
"Fruit, stone nes",2015,591.0
"Fruit, stone nes",2016,590.0
"Fruit, stone nes",2017,593.0
"Fruit, stone nes",2018,595.0
"Fruit, stone nes",2019,598.0
"Fruit, tropical fresh nes",1990,366539.0
"Fruit, tropical fresh nes",1991,340000.0
"Fruit, tropical fresh nes",1992,360000.0
"Fruit, tropical fresh nes",1993,370000.0
"Fruit, tropical fresh nes",1994,400000.0
"Fruit, tropical fresh nes",1995,345134.0
"Fruit, tropical fresh nes",1996,430000.0
"Fruit, tropical fresh nes",1997,350000.0
"Fruit, tropical fresh nes",1998,240000.0
"Fruit, tropical fresh nes",1999,250000.0
"Fruit, tropical fresh nes",2000,260000.0
"Fruit, tropical fresh nes",2001,270000.0
"Fruit, tropical fresh nes",2002,260000.0
"Fruit, tropical fresh nes",2003,340000.0
"Fruit, tropical fresh nes",2004,340700.0
"Fruit, tropical fresh nes",2005,355100.0
"Fruit, tropical fresh nes",2006,369400.0
"Fruit, tropical fresh nes",2007,389600.0
"Fruit, tropical fresh nes",2008,382600.0
"Fruit, tropical fresh nes",2009,432000.0
"Fruit, tropical fresh nes",2010,453000.0
"Fruit, tropical fresh nes",2011,443000.0
"Fruit, tropical fresh nes",2012,463000.0
"Fruit, tropical fresh nes",2013,483000.0
"Fruit, tropical fresh nes",2014,529350.0
"Fruit, tropical fresh nes",2015,437000.0
"Fruit, tropical fresh nes",2016,452000.0
"Fruit, tropical fresh nes",2017,452000.0
"Fruit, tropical fresh nes",2018,454000.0
"Fruit, tropical fresh nes",2019,457919.0
Garlic,1990,90100.0
Garlic,1991,94300.0
Garlic,1992,85500.0
Garlic,1993,76200.0
Garlic,1994,98900.0
Garlic,1995,111900.0
Garlic,1996,94300.0
Garlic,1997,108800.0
Garlic,1998,123200.0
Garlic,1999,118800.0
Garlic,2000,124600.0
Garlic,2001,120000.0
Garlic,2002,113954.0
Garlic,2003,111500.0
Garlic,2004,138900.0
Garlic,2005,144100.0
Garlic,2006,134900.0
Garlic,2007,159200.0
Garlic,2008,206120.0
Garlic,2009,166210.0
Garlic,2010,164860.0
Garlic,2011,200600.0
Garlic,2012,242000.0
Garlic,2013,248000.0
Garlic,2014,231000.0
Garlic,2015,262000.0
Garlic,2016,281000.0
Garlic,2017,321000.0
Garlic,2018,317000.0
Garlic,2019,358000.0
Ginger,1990,54000.0
Ginger,1991,60000.0
Ginger,1992,59900.0
Ginger,1993,60580.0
Ginger,1994,87500.0
Ginger,1995,90000.0
Ginger,1996,70300.0
Ginger,1997,76000.0
Ginger,1998,78000.0
Ginger,1999,77600.0
Ginger,2000,70000.0
Ginger,2001,70446.0
Ginger,2002,83847.0
Ginger,2003,88200.0
Ginger,2004,85100.0
Ginger,2005,95300.0
Ginger,2006,110600.0
Ginger,2007,106100.0
Ginger,2008,104360.0
Ginger,2009,108640.0
Ginger,2010,107540.0
Ginger,2011,149100.0
Ginger,2012,155000.0
Ginger,2013,136000.0
Ginger,2014,133000.0
Ginger,2015,142000.0
Ginger,2016,165000.0
Ginger,2017,168000.0
Ginger,2018,165000.0
Ginger,2019,164000.0
Grapefruit (inc. pomelos),1990,5300.0
Grapefruit (inc. pomelos),1991,4700.0
Grapefruit (inc. pomelos),1992,5800.0
Grapefruit (inc. pomelos),1993,6081.0
Grapefruit (inc. pomelos),1994,6000.0
Grapefruit (inc. pomelos),1995,6069.0
Grapefruit (inc. pomelos),1996,6200.0
Grapefruit (inc. pomelos),1997,5975.0
Grapefruit (inc. pomelos),1998,5874.0
Grapefruit (inc. pomelos),1999,6200.0
Grapefruit (inc. pomelos),2000,6379.0
Grapefruit (inc. pomelos),2001,6215.0
Grapefruit (inc. pomelos),2002,6500.0
Grapefruit (inc. pomelos),2003,6539.0
Grapefruit (inc. pomelos),2004,6600.0
Grapefruit (inc. pomelos),2005,6700.0
Grapefruit (inc. pomelos),2006,7200.0
Grapefruit (inc. pomelos),2007,8100.0
Grapefruit (inc. pomelos),2008,8500.0
Grapefruit (inc. pomelos),2009,9000.0
Grapefruit (inc. pomelos),2010,10994.0
Grapefruit (inc. pomelos),2011,8300.0
Grapefruit (inc. pomelos),2012,13731.0
Grapefruit (inc. pomelos),2013,12203.0
Grapefruit (inc. pomelos),2014,10638.0
Grapefruit (inc. pomelos),2015,11300.0
Grapefruit (inc. pomelos),2016,16271.0
Grapefruit (inc. pomelos),2017,390345.0
Grapefruit (inc. pomelos),2018,390345.0
Grapefruit (inc. pomelos),2019,390345.0
Grapes,1990,25102.0
Grapes,1991,24822.0
Grapes,1992,34010.0
Grapes,1993,35000.0
Grapes,1994,40000.0
Grapes,1995,40000.0
Grapes,1996,39970.0
Grapes,1997,37235.0
Grapes,1998,40000.0
Grapes,1999,42600.0
Grapes,2000,40000.0
Grapes,2001,50000.0
Grapes,2002,47500.0
Grapes,2003,52100.0
Grapes,2004,57800.0
Grapes,2005,60500.0
Grapes,2006,66000.0
Grapes,2007,65000.0
Grapes,2008,68000.0
Grapes,2009,80000.0
Grapes,2010,106400.0
Grapes,2011,111000.0
Grapes,2012,116000.0
Grapes,2013,118000.0
Grapes,2014,118740.0
Grapes,2015,120000.0
Grapes,2016,122000.0
Grapes,2017,137000.0
Grapes,2018,139000.0
Grapes,2019,140000.0
"Groundnuts, with shell",1990,8309000.0
"Groundnuts, with shell",1991,8667900.0
"Groundnuts, with shell",1992,8166000.0
"Groundnuts, with shell",1993,8322000.0
"Groundnuts, with shell",1994,7849000.0
"Groundnuts, with shell",1995,7524000.0
"Groundnuts, with shell",1996,7596000.0
"Groundnuts, with shell",1997,7090000.0
"Groundnuts, with shell",1998,7396000.0
"Groundnuts, with shell",1999,6867300.0
"Groundnuts, with shell",2000,6558600.0
"Groundnuts, with shell",2001,6238100.0
"Groundnuts, with shell",2002,5935500.0
"Groundnuts, with shell",2003,5987000.0
"Groundnuts, with shell",2004,6640400.0
"Groundnuts, with shell",2005,6736000.0
"Groundnuts, with shell",2006,5615100.0
"Groundnuts, with shell",2007,6292000.0
"Groundnuts, with shell",2008,6164900.0
"Groundnuts, with shell",2009,5477500.0
"Groundnuts, with shell",2010,5860000.0
"Groundnuts, with shell",2011,5310000.0
"Groundnuts, with shell",2012,4770000.0
"Groundnuts, with shell",2013,5505210.0
"Groundnuts, with shell",2014,4685000.0
"Groundnuts, with shell",2015,4560000.0
"Groundnuts, with shell",2016,5310000.0
"Groundnuts, with shell",2017,5338040.0
"Groundnuts, with shell",2018,4887700.0
"Groundnuts, with shell",2019,4730770.0
Jute,1990,777600.0
Jute,1991,875400.0
Jute,1992,726500.0
Jute,1993,694700.0
Jute,1994,738700.0
Jute,1995,737000.0
Jute,1996,897000.0
Jute,1997,906000.0
Jute,1998,848300.0
Jute,1999,847000.0
Jute,2000,827900.0
Jute,2001,873100.0
Jute,2002,864500.0
Jute,2003,849000.0
Jute,2004,773900.0
Jute,2005,759800.0
Jute,2006,791000.0
Jute,2007,816000.0
Jute,2008,785600.0
Jute,2009,811200.0
Jute,2010,767630.0
Jute,2011,800000.0
Jute,2012,800000.0
Jute,2013,800000.0
Jute,2014,741000.0
Jute,2015,773000.0
Jute,2016,733714.0
Jute,2017,706070.0
Jute,2018,685750.0
Jute,2019,665300.0
Lemons and limes,1990,65000.0
Lemons and limes,1991,68000.0
Lemons and limes,1992,74000.0
Lemons and limes,1993,80000.0
Lemons and limes,1994,91400.0
Lemons and limes,1995,95900.0
Lemons and limes,1996,106000.0
Lemons and limes,1997,123700.0
Lemons and limes,1998,129800.0
Lemons and limes,1999,139500.0
Lemons and limes,2000,169300.0
Lemons and limes,2001,164200.0
Lemons and limes,2002,161300.0
Lemons and limes,2003,146200.0
Lemons and limes,2004,167800.0
Lemons and limes,2005,78900.0
Lemons and limes,2006,268700.0
Lemons and limes,2007,294900.0
Lemons and limes,2008,302800.0
Lemons and limes,2009,316050.0
Lemons and limes,2010,295600.0
Lemons and limes,2011,219000.0
Lemons and limes,2012,234000.0
Lemons and limes,2013,255200.0
Lemons and limes,2014,286410.0
Lemons and limes,2015,268000.0
Lemons and limes,2016,245000.0
Lemons and limes,2017,248000.0
Lemons and limes,2018,286000.0
Lemons and limes,2019,305000.0
Lentils,1990,1111800.0
Lentils,1991,1187800.0
Lentils,1992,1189100.0
Lentils,1993,1203900.0
Lentils,1994,1183400.0
Lentils,1995,1155900.0
Lentils,1996,1255400.0
Lentils,1997,1369400.0
Lentils,1998,1288300.0
Lentils,1999,1388500.0
Lentils,2000,1461600.0
Lentils,2001,1477800.0
Lentils,2002,1470000.0
Lentils,2003,1380000.0
Lentils,2004,1400000.0
Lentils,2005,1470000.0
Lentils,2006,1510000.0
Lentils,2007,1470000.0
Lentils,2008,1310000.0
Lentils,2009,1375900.0
Lentils,2010,1479400.0
Lentils,2011,1597400.0
Lentils,2012,1562000.0
Lentils,2013,1423000.0
Lentils,2014,1341000.0
Lentils,2015,1469000.0
Lentils,2016,1276000.0
Lentils,2017,1461140.0
Lentils,2018,1549210.0
Lentils,2019,1362720.0
Lettuce and chicory,1990,111000.0
Lettuce and chicory,1991,111840.0
Lettuce and chicory,1992,112000.0
Lettuce and chicory,1993,113000.0
Lettuce and chicory,1994,115000.0
Lettuce and chicory,1995,115862.0
Lettuce and chicory,1996,116000.0
Lettuce and chicory,1997,116985.0
Lettuce and chicory,1998,117000.0
Lettuce and chicory,1999,118000.0
Lettuce and chicory,2000,120000.0
Lettuce and chicory,2001,121337.0
Lettuce and chicory,2002,123834.0
Lettuce and chicory,2003,126563.0
Lettuce and chicory,2004,129464.0
Lettuce and chicory,2005,132998.0
Lettuce and chicory,2006,142547.0
Lettuce and chicory,2007,146840.0
Lettuce and chicory,2008,151361.0
Lettuce and chicory,2009,155837.0
Lettuce and chicory,2010,160078.0
Lettuce and chicory,2011,164054.0
Lettuce and chicory,2012,170000.0
Lettuce and chicory,2013,170000.0
Lettuce and chicory,2014,172439.0
Lettuce and chicory,2015,181630.0
Lettuce and chicory,2016,186225.0
Lettuce and chicory,2017,190734.0
Lettuce and chicory,2018,195251.0
Lettuce and chicory,2019,199778.0
Linseed,1990,1124400.0
Linseed,1991,1099100.0
Linseed,1992,886200.0
Linseed,1993,895000.0
Linseed,1994,953000.0
Linseed,1995,948000.0
Linseed,1996,843000.0
Linseed,1997,827000.0
Linseed,1998,819000.0
Linseed,1999,749400.0
Linseed,2000,593100.0
Linseed,2001,579900.0
Linseed,2002,535800.0
Linseed,2003,450100.0
Linseed,2004,476500.0
Linseed,2005,448700.0
Linseed,2006,436800.0
Linseed,2007,426000.0
Linseed,2008,468000.0
Linseed,2009,407900.0
Linseed,2010,342000.0
Linseed,2011,359000.0
Linseed,2012,323000.0
Linseed,2013,296000.0
Linseed,2014,293070.0
Linseed,2015,285000.0
Linseed,2016,298000.0
Linseed,2017,325220.0
Linseed,2018,326180.0
Linseed,2019,172710.0
Maize,1990,5904300.0
Maize,1991,5859400.0
Maize,1992,5962500.0
Maize,1993,5995000.0
Maize,1994,6135800.0
Maize,1995,5979000.0
Maize,1996,6300000.0
Maize,1997,6321000.0
Maize,1998,6203700.0
Maize,1999,6422100.0
Maize,2000,6611300.0
Maize,2001,6581500.0
Maize,2002,6635200.0
Maize,2003,7343400.0
Maize,2004,7430400.0
Maize,2005,7588300.0
Maize,2006,7894000.0
Maize,2007,8117300.0
Maize,2008,8173800.0
Maize,2009,8261600.0
Maize,2010,8553200.0
Maize,2011,8780000.0
Maize,2012,8710000.0
Maize,2013,9430000.0
Maize,2014,9258000.0
Maize,2015,8690000.0
Maize,2016,9900000.0
Maize,2017,9633200.0
Maize,2018,9380070.0
Maize,2019,9027130.0
"Mangoes, mangosteens, guavas",1990,846292.0
"Mangoes, mangosteens, guavas",1991,1077621.0
"Mangoes, mangosteens, guavas",1992,1136668.0
"Mangoes, mangosteens, guavas",1993,1220000.0
"Mangoes, mangosteens, guavas",1994,1230000.0
"Mangoes, mangosteens, guavas",1995,1280000.0
"Mangoes, mangosteens, guavas",1996,1300000.0
"Mangoes, mangosteens, guavas",1997,1200000.0
"Mangoes, mangosteens, guavas",1998,1400000.0
"Mangoes, mangosteens, guavas",1999,1401600.0
"Mangoes, mangosteens, guavas",2000,1486900.0
"Mangoes, mangosteens, guavas",2001,1519000.0
"Mangoes, mangosteens, guavas",2002,1575800.0
"Mangoes, mangosteens, guavas",2003,1623400.0
"Mangoes, mangosteens, guavas",2004,1906700.0
"Mangoes, mangosteens, guavas",2005,1970400.0
"Mangoes, mangosteens, guavas",2006,2080700.0
"Mangoes, mangosteens, guavas",2007,2154000.0
"Mangoes, mangosteens, guavas",2008,2201000.0
"Mangoes, mangosteens, guavas",2009,2309000.0
"Mangoes, mangosteens, guavas",2010,2312300.0
"Mangoes, mangosteens, guavas",2011,2297000.0
"Mangoes, mangosteens, guavas",2012,2378000.0
"Mangoes, mangosteens, guavas",2013,2500000.0
"Mangoes, mangosteens, guavas",2014,2515970.0
"Mangoes, mangosteens, guavas",2015,2163000.0
"Mangoes, mangosteens, guavas",2016,2209000.0
"Mangoes, mangosteens, guavas",2017,2472000.0
"Mangoes, mangosteens, guavas",2018,2527000.0
"Mangoes, mangosteens, guavas",2019,2572000.0
"Melons, other (inc.cantaloupes)",1990,30500.0
"Melons, other (inc.cantaloupes)",1991,29000.0
"Melons, other (inc.cantaloupes)",1992,31000.0
"Melons, other (inc.cantaloupes)",1993,31184.0
"Melons, other (inc.cantaloupes)",1994,30594.0
"Melons, other (inc.cantaloupes)",1995,30734.0
"Melons, other (inc.cantaloupes)",1996,31300.0
"Melons, other (inc.cantaloupes)",1997,31080.0
"Melons, other (inc.cantaloupes)",1998,30961.0
"Melons, other (inc.cantaloupes)",1999,31003.0
"Melons, other (inc.cantaloupes)",2000,31500.0
"Melons, other (inc.cantaloupes)",2001,31261.0
"Melons, other (inc.cantaloupes)",2002,31557.0
"Melons, other (inc.cantaloupes)",2003,31771.0
"Melons, other (inc.cantaloupes)",2004,35533.0
"Melons, other (inc.cantaloupes)",2005,36925.0
"Melons, other (inc.cantaloupes)",2006,38025.0
"Melons, other (inc.cantaloupes)",2007,39160.0
"Melons, other (inc.cantaloupes)",2008,40286.0
"Melons, other (inc.cantaloupes)",2009,41391.0
"Melons, other (inc.cantaloupes)",2010,42469.0
"Melons, other (inc.cantaloupes)",2011,39500.0
"Melons, other (inc.cantaloupes)",2012,38000.0
"Melons, other (inc.cantaloupes)",2013,42000.0
"Melons, other (inc.cantaloupes)",2014,37000.0
"Melons, other (inc.cantaloupes)",2015,42000.0
"Melons, other (inc.cantaloupes)",2016,45000.0
"Melons, other (inc.cantaloupes)",2017,50000.0
"Melons, other (inc.cantaloupes)",2018,54000.0
"Melons, other (inc.cantaloupes)",2019,57000.0
Millet,1990,15095100.0
Millet,1991,14246000.0
Millet,1992,14505200.0
Millet,1993,13318000.0
Millet,1994,13779000.0
Millet,1995,12755000.0
Millet,1996,13365000.0
Millet,1997,12853500.0
Millet,1998,12550000.0
Millet,1999,11942400.0
Millet,2000,13012200.0
Millet,2001,12486300.0
Millet,2002,10355400.0
Millet,2003,13470100.0
Millet,2004,11886200.0
Millet,2005,12179400.0
Millet,2006,11752000.0
Millet,2007,11695500.0
Millet,2008,11039100.0
Millet,2009,11002700.0
Millet,2010,11791800.0
Millet,2011,10680000.0
Millet,2012,10752000.0
Millet,2013,9179000.0
Millet,2014,9686740.0
Millet,2015,9116000.0
Millet,2016,8840000.0
Millet,2017,9093720.0
Millet,2018,9221160.0
Millet,2019,8449720.0
"Nutmeg, mace and cardamoms",1990,118160.0
"Nutmeg, mace and cardamoms",1991,117720.0
"Nutmeg, mace and cardamoms",1992,96680.0
"Nutmeg, mace and cardamoms",1993,101110.0
"Nutmeg, mace and cardamoms",1994,100400.0
"Nutmeg, mace and cardamoms",1995,101500.0
"Nutmeg, mace and cardamoms",1996,99000.0
"Nutmeg, mace and cardamoms",1997,94300.0
"Nutmeg, mace and cardamoms",1998,85000.0
"Nutmeg, mace and cardamoms",1999,84800.0
"Nutmeg, mace and cardamoms",2000,92400.0
"Nutmeg, mace and cardamoms",2001,91600.0
"Nutmeg, mace and cardamoms",2002,88500.0
"Nutmeg, mace and cardamoms",2003,95600.0
"Nutmeg, mace and cardamoms",2004,95200.0
"Nutmeg, mace and cardamoms",2005,95800.0
"Nutmeg, mace and cardamoms",2006,104000.0
"Nutmeg, mace and cardamoms",2007,81930.0
"Nutmeg, mace and cardamoms",2008,91990.0
"Nutmeg, mace and cardamoms",2009,90200.0
"Nutmeg, mace and cardamoms",2010,86700.0
"Nutmeg, mace and cardamoms",2011,89006.0
"Nutmeg, mace and cardamoms",2012,92000.0
"Nutmeg, mace and cardamoms",2013,95930.0
"Nutmeg, mace and cardamoms",2014,93000.0
"Nutmeg, mace and cardamoms",2015,92000.0
"Nutmeg, mace and cardamoms",2016,107000.0
"Nutmeg, mace and cardamoms",2017,108000.0
"Nutmeg, mace and cardamoms",2018,108000.0
"Nutmeg, mace and cardamoms",2019,105000.0
Oilseeds nes,1990,611200.0
Oilseeds nes,1991,640400.0
Oilseeds nes,1992,585000.0
Oilseeds nes,1993,599000.0
Oilseeds nes,1994,592000.0
Oilseeds nes,1995,601000.0
Oilseeds nes,1996,546300.0
Oilseeds nes,1997,542300.0
Oilseeds nes,1998,538000.0
Oilseeds nes,1999,460000.0
Oilseeds nes,2000,367000.0
Oilseeds nes,2001,430000.0
Oilseeds nes,2002,283000.0
Oilseeds nes,2003,363000.0
Oilseeds nes,2004,373000.0
Oilseeds nes,2005,360000.0
Oilseeds nes,2006,403000.0
Oilseeds nes,2007,360000.0
Oilseeds nes,2008,339400.0
Oilseeds nes,2009,375500.0
Oilseeds nes,2010,388730.0
Oilseeds nes,2011,310000.0
Oilseeds nes,2012,315000.0
Oilseeds nes,2013,298740.0
Oilseeds nes,2014,234000.0
Oilseeds nes,2015,252000.0
Oilseeds nes,2016,279806.0
Oilseeds nes,2017,224412.0
Oilseeds nes,2018,201440.0
Oilseeds nes,2019,133986.0
Okra,1990,365000.0
Okra,1991,370000.0
Okra,1992,375000.0
Okra,1993,376000.0
Okra,1994,300000.0
Okra,1995,420000.0
Okra,1996,380000.0
Okra,1997,370000.0
Okra,1998,320000.0
Okra,1999,330000.0
Okra,2000,350000.0
Okra,2001,350000.0
Okra,2002,350000.0
Okra,2003,370000.0
Okra,2004,353100.0
Okra,2005,357300.0
Okra,2006,391800.0
Okra,2007,396000.0
Okra,2008,407000.0
Okra,2009,432000.0
Okra,2010,452000.0
Okra,2011,498000.0
Okra,2012,518000.0
Okra,2013,530790.0
Okra,2014,532660.0
Okra,2015,504000.0
Okra,2016,511000.0
Okra,2017,507000.0
Okra,2018,509000.0
Okra,2019,513000.0
"Onions, dry",1990,301900.0
"Onions, dry",1991,323300.0
"Onions, dry",1992,323500.0
"Onions, dry",1993,367500.0
"Onions, dry",1994,378600.0
"Onions, dry",1995,384600.0
"Onions, dry",1996,404000.0
"Onions, dry",1997,355000.0
"Onions, dry",1998,468100.0
"Onions, dry",1999,493300.0
"Onions, dry",2000,450000.0
"Onions, dry",2001,495800.0
"Onions, dry",2002,424700.0
"Onions, dry",2003,553800.0
"Onions, dry",2004,613800.0
"Onions, dry",2005,703600.0
"Onions, dry",2006,768000.0
"Onions, dry",2007,821000.0
"Onions, dry",2008,834000.0
"Onions, dry",2009,756200.0
"Onions, dry",2010,1064000.0
"Onions, dry",2011,1087230.0
"Onions, dry",2012,1052000.0
"Onions, dry",2013,1217000.0
"Onions, dry",2014,1203570.0
"Onions, dry",2015,1173000.0
"Onions, dry",2016,1320000.0
"Onions, dry",2017,1306000.0
"Onions, dry",2018,1285000.0
"Onions, dry",2019,1220000.0
Oranges,1990,138000.0
Oranges,1991,130000.0
Oranges,1992,112000.0
Oranges,1993,127000.0
Oranges,1994,190600.0
Oranges,1995,208400.0
Oranges,1996,216800.0
Oranges,1997,229000.0
Oranges,1998,232800.0
Oranges,1999,227300.0
Oranges,2000,274100.0
Oranges,2001,249500.0
Oranges,2002,325300.0
Oranges,2003,288900.0
Oranges,2004,377900.0
Oranges,2005,378000.0
Oranges,2006,441100.0
Oranges,2007,467200.0
Oranges,2008,518300.0
Oranges,2009,563330.0
Oranges,2010,631300.0
Oranges,2011,481000.0
Oranges,2012,490800.0
Oranges,2013,634400.0
Oranges,2014,664910.0
Oranges,2015,686000.0
Oranges,2016,641000.0
Oranges,2017,601000.0
Oranges,2018,613000.0
Oranges,2019,656000.0
Papayas,1990,36518.0
Papayas,1991,45200.0
Papayas,1992,47412.0
Papayas,1993,55945.0
Papayas,1994,61450.0
Papayas,1995,61420.0
Papayas,1996,63780.0
Papayas,1997,69419.0
Papayas,1998,67767.0
Papayas,1999,60825.0
Papayas,2000,70422.0
Papayas,2001,73700.0
Papayas,2002,68000.0
Papayas,2003,58200.0
Papayas,2004,73800.0
Papayas,2005,67800.0
Papayas,2006,72500.0
Papayas,2007,83000.0
Papayas,2008,98000.0
Papayas,2009,95700.0
Papayas,2010,106000.0
Papayas,2011,117400.0
Papayas,2012,132000.0
Papayas,2013,135000.0
Papayas,2014,133360.0
Papayas,2015,115000.0
Papayas,2016,132000.0
Papayas,2017,134000.0
Papayas,2018,138000.0
Papayas,2019,149000.0
Peaches and nectarines,1990,15500.0
Peaches and nectarines,1991,16000.0
Peaches and nectarines,1992,17000.0
Peaches and nectarines,1993,17500.0
Peaches and nectarines,1994,18000.0
Peaches and nectarines,1995,18300.0
Peaches and nectarines,1996,18500.0
Peaches and nectarines,1997,19185.0
Peaches and nectarines,1998,18899.0
Peaches and nectarines,1999,20838.0
Peaches and nectarines,2000,21455.0
Peaches and nectarines,2001,26264.0
Peaches and nectarines,2002,28372.0
Peaches and nectarines,2003,31544.0
Peaches and nectarines,2004,33679.0
Peaches and nectarines,2005,33539.0
Peaches and nectarines,2006,34635.0
Peaches and nectarines,2007,36314.0
Peaches and nectarines,2008,36647.0
Peaches and nectarines,2009,36840.0
Peaches and nectarines,2010,37000.0
Peaches and nectarines,2011,36905.0
Peaches and nectarines,2012,37500.0
Peaches and nectarines,2013,37500.0
Peaches and nectarines,2014,37800.0
Peaches and nectarines,2015,37702.0
Peaches and nectarines,2016,38346.0
Peaches and nectarines,2017,390345.0
Peaches and nectarines,2018,390345.0
Peaches and nectarines,2019,390345.0
Pears,1990,29638.0
Pears,1991,19000.0
Pears,1992,20000.0
Pears,1993,22000.0
Pears,1994,21693.0
Pears,1995,21751.0
Pears,1996,22500.0
Pears,1997,22375.0
Pears,1998,22432.0
Pears,1999,23000.0
Pears,2000,25346.0
Pears,2001,26530.0
Pears,2002,28229.0
Pears,2003,29685.0
Pears,2004,32452.0
Pears,2005,35088.0
Pears,2006,37074.0
Pears,2007,40041.0
Pears,2008,41489.0
Pears,2009,42638.0
Pears,2010,44713.0
Pears,2011,44598.0
Pears,2012,45285.0
Pears,2013,43296.0
Pears,2014,42280.0
Pears,2015,42000.0
Pears,2016,40000.0
Pears,2017,44000.0
Pears,2018,44000.0
Pears,2019,42000.0
"Peas, dry",1990,507000.0
"Peas, dry",1991,554800.0
"Peas, dry",1992,578600.0
"Peas, dry",1993,608500.0
"Peas, dry",1994,691000.0
"Peas, dry",1995,758200.0
"Peas, dry",1996,764500.0
"Peas, dry",1997,731100.0
"Peas, dry",1998,741600.0
"Peas, dry",1999,834200.0
"Peas, dry",2000,791500.0
"Peas, dry",2001,654700.0
"Peas, dry",2002,670300.0
"Peas, dry",2003,663600.0
"Peas, dry",2004,709500.0
"Peas, dry",2005,791200.0
"Peas, dry",2006,777800.0
"Peas, dry",2007,743700.0
"Peas, dry",2008,611700.0
"Peas, dry",2009,718300.0
"Peas, dry",2010,764400.0
"Peas, dry",2011,727200.0
"Peas, dry",2012,756000.0
"Peas, dry",2013,767000.0
"Peas, dry",2014,963000.0
"Peas, dry",2015,975000.0
"Peas, dry",2016,903000.0
"Peas, dry",2017,1058880.0
"Peas, dry",2018,825210.0
"Peas, dry",2019,606720.0
"Peas, green",1990,145000.0
"Peas, green",1991,147000.0
"Peas, green",1992,146388.0
"Peas, green",1993,148000.0
"Peas, green",1994,180000.0
"Peas, green",1995,220000.0
"Peas, green",1996,200000.0
"Peas, green",1997,220000.0
"Peas, green",1998,270000.0
"Peas, green",1999,280000.0
"Peas, green",2000,270000.0
"Peas, green",2001,320000.0
"Peas, green",2002,300000.0
"Peas, green",2003,305200.0
"Peas, green",2004,285200.0
"Peas, green",2005,276300.0
"Peas, green",2006,286100.0
"Peas, green",2007,297000.0
"Peas, green",2008,313000.0
"Peas, green",2009,348000.0
"Peas, green",2010,364900.0
"Peas, green",2011,370000.0
"Peas, green",2012,408200.0
"Peas, green",2013,420900.0
"Peas, green",2014,433560.0
"Peas, green",2015,476000.0
"Peas, green",2016,498000.0
"Peas, green",2017,530000.0
"Peas, green",2018,540000.0
"Peas, green",2019,552000.0
Pepper (piper spp.),1990,171490.0
Pepper (piper spp.),1991,173430.0
Pepper (piper spp.),1992,184200.0
Pepper (piper spp.),1993,189370.0
Pepper (piper spp.),1994,191000.0
Pepper (piper spp.),1995,193300.0
Pepper (piper spp.),1996,198100.0
Pepper (piper spp.),1997,180000.0
Pepper (piper spp.),1998,182000.0
Pepper (piper spp.),1999,240000.0
Pepper (piper spp.),2000,196000.0
Pepper (piper spp.),2001,214000.0
Pepper (piper spp.),2002,219000.0
Pepper (piper spp.),2003,216000.0
Pepper (piper spp.),2004,233360.0
Pepper (piper spp.),2005,228330.0
Pepper (piper spp.),2006,260200.0
Pepper (piper spp.),2007,246000.0
Pepper (piper spp.),2008,197330.0
Pepper (piper spp.),2009,238710.0
Pepper (piper spp.),2010,195920.0
Pepper (piper spp.),2011,184000.0
Pepper (piper spp.),2012,200000.0
Pepper (piper spp.),2013,125000.0
Pepper (piper spp.),2014,124000.0
Pepper (piper spp.),2015,129000.0
Pepper (piper spp.),2016,129000.0
Pepper (piper spp.),2017,132000.0
Pepper (piper spp.),2018,134000.0
Pepper (piper spp.),2019,138000.0
Pigeon peas,1990,3599700.0
Pigeon peas,1991,3593000.0
Pigeon peas,1992,3627000.0
Pigeon peas,1993,3576000.0
Pigeon peas,1994,3532000.0
Pigeon peas,1995,3314000.0
Pigeon peas,1996,3447000.0
Pigeon peas,1997,3513500.0
Pigeon peas,1998,3358900.0
Pigeon peas,1999,3439500.0
Pigeon peas,2000,3427000.0
Pigeon peas,2001,3632300.0
Pigeon peas,2002,3327700.0
Pigeon peas,2003,3358900.0
Pigeon peas,2004,3515600.0
Pigeon peas,2005,3518500.0
Pigeon peas,2006,3580700.0
Pigeon peas,2007,3561600.0
Pigeon peas,2008,3728500.0
Pigeon peas,2009,3380000.0
Pigeon peas,2010,3466000.0
Pigeon peas,2011,4367000.0
Pigeon peas,2012,4070000.0
Pigeon peas,2013,3893000.0
Pigeon peas,2014,3904000.0
Pigeon peas,2015,3854000.0
Pigeon peas,2016,3963000.0
Pigeon peas,2017,5337890.0
Pigeon peas,2018,4438310.0
Pigeon peas,2019,4549540.0
Pineapples,1990,54587.0
Pineapples,1991,63647.0
Pineapples,1992,57059.0
Pineapples,1993,59436.0
Pineapples,1994,70000.0
Pineapples,1995,80000.0
Pineapples,1996,82000.0
Pineapples,1997,86215.0
Pineapples,1998,70000.0
Pineapples,1999,74200.0
Pineapples,2000,70000.0
Pineapples,2001,80000.0
Pineapples,2002,80000.0
Pineapples,2003,90000.0
Pineapples,2004,80900.0
Pineapples,2005,82800.0
Pineapples,2006,82400.0
Pineapples,2007,87000.0
Pineapples,2008,80000.0
Pineapples,2009,84000.0
Pineapples,2010,91900.0
Pineapples,2011,89000.0
Pineapples,2012,102000.0
Pineapples,2013,105000.0
Pineapples,2014,109880.0
Pineapples,2015,116000.0
Pineapples,2016,110000.0
Pineapples,2017,111000.0
Pineapples,2018,103000.0
Pineapples,2019,104000.0
Plums and sloes,1990,12500.0
Plums and sloes,1991,13000.0
Plums and sloes,1992,13500.0
Plums and sloes,1993,13800.0
Plums and sloes,1994,14000.0
Plums and sloes,1995,14097.0
Plums and sloes,1996,14567.0
Plums and sloes,1997,14641.0
Plums and sloes,1998,13600.0
Plums and sloes,1999,14340.0
Plums and sloes,2000,14213.0
Plums and sloes,2001,13623.0
Plums and sloes,2002,14376.0
Plums and sloes,2003,15000.0
Plums and sloes,2004,20000.0
Plums and sloes,2005,19982.0
Plums and sloes,2006,21000.0
Plums and sloes,2007,21902.0
Plums and sloes,2008,23049.0
Plums and sloes,2009,24157.0
Plums and sloes,2010,25000.0
Plums and sloes,2011,26000.0
Plums and sloes,2012,27000.0
Plums and sloes,2013,27500.0
Plums and sloes,2014,27600.0
Plums and sloes,2015,27712.0
Plums and sloes,2016,29440.0
Plums and sloes,2017,390345.0
Plums and sloes,2018,390345.0
Plums and sloes,2019,390345.0
Potatoes,1990,940000.0
Potatoes,1991,935500.0
Potatoes,1992,1135100.0
Potatoes,1993,1240000.0
Potatoes,1994,1047100.0
Potatoes,1995,1069400.0
Potatoes,1996,1109000.0
Potatoes,1997,1248800.0
Potatoes,1998,1208900.0
Potatoes,1999,1280200.0
Potatoes,2000,1340900.0
Potatoes,2001,1211300.0
Potatoes,2002,1259500.0
Potatoes,2003,1337200.0
Potatoes,2004,1484700.0
Potatoes,2005,1523900.0
Potatoes,2006,1569200.0
Potatoes,2007,1742800.0
Potatoes,2008,1796000.0
Potatoes,2009,1828300.0
Potatoes,2010,1835300.0
Potatoes,2011,1863200.0
Potatoes,2012,1907000.0
Potatoes,2013,1992200.0
Potatoes,2014,2024000.0
Potatoes,2015,2076000.0
Potatoes,2016,2117000.0
Potatoes,2017,2179000.0
Potatoes,2018,2142000.0
Potatoes,2019,2173000.0
Pulses nes,1990,1935300.0
Pulses nes,1991,2123100.0
Pulses nes,1992,2822400.0
Pulses nes,1993,2114400.0
Pulses nes,1994,2005400.0
Pulses nes,1995,2177900.0
Pulses nes,1996,1903500.0
Pulses nes,1997,1904500.0
Pulses nes,1998,1864500.0
Pulses nes,1999,1800000.0
Pulses nes,2000,1800000.0
Pulses nes,2001,1650000.0
Pulses nes,2002,1700000.0
Pulses nes,2003,1339000.0
Pulses nes,2004,1513900.0
Pulses nes,2005,1482400.0
Pulses nes,2006,1548300.0
Pulses nes,2007,1500000.0
Pulses nes,2008,1600000.0
Pulses nes,2009,1620000.0
Pulses nes,2010,1650000.0
Pulses nes,2011,1700000.0
Pulses nes,2012,2200000.0
Pulses nes,2013,2200000.0
Pulses nes,2014,2250000.0
Pulses nes,2015,2150527.0
Pulses nes,2016,2014050.0
Pulses nes,2017,2034139.0
Pulses nes,2018,2239124.0
Pulses nes,2019,2068064.0
"Pumpkins, squash and gourds",1990,306000.0
"Pumpkins, squash and gourds",1991,308000.0
"Pumpkins, squash and gourds",1992,310000.0
"Pumpkins, squash and gourds",1993,315000.0
"Pumpkins, squash and gourds",1994,320000.0
"Pumpkins, squash and gourds",1995,330000.0
"Pumpkins, squash and gourds",1996,335000.0
"Pumpkins, squash and gourds",1997,345000.0
"Pumpkins, squash and gourds",1998,350000.0
"Pumpkins, squash and gourds",1999,355000.0
"Pumpkins, squash and gourds",2000,360000.0
"Pumpkins, squash and gourds",2001,365080.0
"Pumpkins, squash and gourds",2002,375937.0
"Pumpkins, squash and gourds",2003,385827.0
"Pumpkins, squash and gourds",2004,395986.0
"Pumpkins, squash and gourds",2005,406348.0
"Pumpkins, squash and gourds",2006,430945.0
"Pumpkins, squash and gourds",2007,443741.0
"Pumpkins, squash and gourds",2008,457080.0
"Pumpkins, squash and gourds",2009,470336.0
"Pumpkins, squash and gourds",2010,482968.0
"Pumpkins, squash and gourds",2011,494932.0
"Pumpkins, squash and gourds",2012,510000.0
"Pumpkins, squash and gourds",2013,510000.0
"Pumpkins, squash and gourds",2014,523009.0
"Pumpkins, squash and gourds",2015,546286.0
"Pumpkins, squash and gourds",2016,560392.0
"Pumpkins, squash and gourds",2017,573742.0
"Pumpkins, squash and gourds",2018,390345.0
"Pumpkins, squash and gourds",2019,390345.0
Rapeseed,1990,4967000.0
Rapeseed,1991,5782100.0
Rapeseed,1992,6553400.0
Rapeseed,1993,6193000.0
Rapeseed,1994,6289400.0
Rapeseed,1995,6060000.0
Rapeseed,1996,6546000.0
Rapeseed,1997,6545400.0
Rapeseed,1998,7041000.0
Rapeseed,1999,6513200.0
Rapeseed,2000,6026800.0
Rapeseed,2001,4476700.0
Rapeseed,2002,5073000.0
Rapeseed,2003,4544000.0
Rapeseed,2004,5428100.0
Rapeseed,2005,7316400.0
Rapeseed,2006,7276500.0
Rapeseed,2007,6790000.0
Rapeseed,2008,5830000.0
Rapeseed,2009,6298100.0
Rapeseed,2010,5580000.0
Rapeseed,2011,6506400.0
Rapeseed,2012,5890000.0
Rapeseed,2013,6340000.0
Rapeseed,2014,6645740.0
Rapeseed,2015,5791000.0
Rapeseed,2016,5762000.0
Rapeseed,2017,6073820.0
Rapeseed,2018,5977160.0
Rapeseed,2019,6123930.0
"Rice, paddy",1990,42686608.0
"Rice, paddy",1991,42648704.0
"Rice, paddy",1992,41775000.0
"Rice, paddy",1993,42539000.0
"Rice, paddy",1994,42814000.0
"Rice, paddy",1995,42800000.0
"Rice, paddy",1996,43400000.0
"Rice, paddy",1997,43469800.0
"Rice, paddy",1998,44802300.0
"Rice, paddy",1999,45160000.0
"Rice, paddy",2000,44712000.0
"Rice, paddy",2001,44900000.0
"Rice, paddy",2002,41176100.0
"Rice, paddy",2003,42592500.0
"Rice, paddy",2004,41906700.0
"Rice, paddy",2005,43659800.0
"Rice, paddy",2006,43810000.0
"Rice, paddy",2007,43910000.0
"Rice, paddy",2008,45537400.0
"Rice, paddy",2009,41918300.0
"Rice, paddy",2010,42862400.0
"Rice, paddy",2011,44010000.0
"Rice, paddy",2012,42754000.0
"Rice, paddy",2013,44135950.0
"Rice, paddy",2014,44110000.0
"Rice, paddy",2015,43390000.0
"Rice, paddy",2016,43190000.0
"Rice, paddy",2017,43774070.0
"Rice, paddy",2018,44156450.0
"Rice, paddy",2019,43780000.0
"Rubber, natural",1990,289100.0
"Rubber, natural",1991,306400.0
"Rubber, natural",1992,323000.0
"Rubber, natural",1993,331000.0
"Rubber, natural",1994,339000.0
"Rubber, natural",1995,356000.0
"Rubber, natural",1996,366000.0
"Rubber, natural",1997,377000.0
"Rubber, natural",1998,387000.0
"Rubber, natural",1999,395000.0
"Rubber, natural",2000,400000.0
"Rubber, natural",2001,401000.0
"Rubber, natural",2002,408000.0
"Rubber, natural",2003,428000.0
"Rubber, natural",2004,440000.0
"Rubber, natural",2005,447000.0
"Rubber, natural",2006,454000.0
"Rubber, natural",2007,459000.0
"Rubber, natural",2008,463000.0
"Rubber, natural",2009,468000.0
"Rubber, natural",2010,477000.0
"Rubber, natural",2011,440000.0
"Rubber, natural",2012,442000.0
"Rubber, natural",2013,450000.0
"Rubber, natural",2014,455000.0
"Rubber, natural",2015,455991.0
"Rubber, natural",2016,461199.0
"Rubber, natural",2017,462618.0
"Rubber, natural",2018,462699.0
"Rubber, natural",2019,462779.0
Safflower seed,1990,842300.0
Safflower seed,1991,823200.0
Safflower seed,1992,501100.0
Safflower seed,1993,734100.0
Safflower seed,1994,793000.0
Safflower seed,1995,791000.0
Safflower seed,1996,684000.0
Safflower seed,1997,704000.0
Safflower seed,1998,200000.0
Safflower seed,1999,440200.0
Safflower seed,2000,438500.0
Safflower seed,2001,424800.0
Safflower seed,2002,404300.0
Safflower seed,2003,369500.0
Safflower seed,2004,363900.0
Safflower seed,2005,369100.0
Safflower seed,2006,364600.0
Safflower seed,2007,350000.0
Safflower seed,2008,350500.0
Safflower seed,2009,294600.0
Safflower seed,2010,287800.0
Safflower seed,2011,229060.0
Safflower seed,2012,178000.0
Safflower seed,2013,150000.0
Safflower seed,2014,177730.0
Safflower seed,2015,175000.0
Safflower seed,2016,144000.0
Safflower seed,2017,144270.0
Safflower seed,2018,82150.0
Safflower seed,2019,45890.0
Seed cotton,1990,7439600.0
Seed cotton,1991,7661400.0
Seed cotton,1992,7542000.0
Seed cotton,1993,7321000.0
Seed cotton,1994,7871000.0
Seed cotton,1995,9035000.0
Seed cotton,1996,9121000.0
Seed cotton,1997,8868000.0
Seed cotton,1998,9342400.0
Seed cotton,1999,8709700.0
Seed cotton,2000,8576500.0
Seed cotton,2001,9100000.0
Seed cotton,2002,7669700.0
Seed cotton,2003,7597900.0
Seed cotton,2004,8786600.0
Seed cotton,2005,8677100.0
Seed cotton,2006,9142000.0
Seed cotton,2007,9410000.0
Seed cotton,2008,9410000.0
Seed cotton,2009,10310000.0
Seed cotton,2010,11142000.0
Seed cotton,2011,12178000.0
Seed cotton,2012,11980000.0
Seed cotton,2013,11690000.0
Seed cotton,2014,13083000.0
Seed cotton,2015,11870000.0
Seed cotton,2016,10830000.0
Seed cotton,2017,12430000.0
Seed cotton,2018,12350000.0
Seed cotton,2019,16037757.0
Sesame seed,1990,2515500.0
Sesame seed,1991,2626800.0
Sesame seed,1992,2129000.0
Sesame seed,1993,2217000.0
Sesame seed,1994,1971000.0
Sesame seed,1995,1826000.0
Sesame seed,1996,1992000.0
Sesame seed,1997,1660000.0
Sesame seed,1998,1609000.0
Sesame seed,1999,1560200.0
Sesame seed,2000,1720000.0
Sesame seed,2001,1670600.0
Sesame seed,2002,1444400.0
Sesame seed,2003,1700300.0
Sesame seed,2004,1844000.0
Sesame seed,2005,1723200.0
Sesame seed,2006,1647000.0
Sesame seed,2007,1799000.0
Sesame seed,2008,1809100.0
Sesame seed,2009,1942100.0
Sesame seed,2010,2079280.0
Sesame seed,2011,1902000.0
Sesame seed,2012,1706000.0
Sesame seed,2013,1678190.0
Sesame seed,2014,1778000.0
Sesame seed,2015,1947000.0
Sesame seed,2016,1900000.0
Sesame seed,2017,1666930.0
Sesame seed,2018,1579770.0
Sesame seed,2019,1419970.0
Sorghum,1990,14358000.0
Sorghum,1991,12360000.0
Sorghum,1992,13041000.0
Sorghum,1993,12710000.0
Sorghum,1994,11514000.0
Sorghum,1995,11326000.0
Sorghum,1996,11400000.0
Sorghum,1997,10878400.0
Sorghum,1998,9794300.0
Sorghum,1999,10251100.0
Sorghum,2000,9856400.0
Sorghum,2001,9795200.0
Sorghum,2002,9300000.0
Sorghum,2003,9299800.0
Sorghum,2004,9330700.0
Sorghum,2005,9092300.0
Sorghum,2006,8667300.0
Sorghum,2007,8470000.0
Sorghum,2008,7764000.0
Sorghum,2009,7530900.0
Sorghum,2010,7787200.0
Sorghum,2011,7381700.0
Sorghum,2012,6250000.0
Sorghum,2013,6210000.0
Sorghum,2014,5790000.0
Sorghum,2015,6160000.0
Sorghum,2016,6080000.0
Sorghum,2017,5624420.0
Sorghum,2018,5024450.0
Sorghum,2019,4093290.0
Soybeans,1990,2564200.0
Soybeans,1991,3184800.0
Soybeans,1992,3789000.0
Soybeans,1993,4370500.0
Soybeans,1994,4318000.0
Soybeans,1995,5035000.0
Soybeans,1996,5233000.0
Soybeans,1997,5990200.0
Soybeans,1998,6493000.0
Soybeans,1999,6222500.0
Soybeans,2000,6416600.0
Soybeans,2001,6343100.0
Soybeans,2002,6105500.0
Soybeans,2003,6554700.0
Soybeans,2004,7571200.0
Soybeans,2005,7707500.0
Soybeans,2006,8334000.0
Soybeans,2007,8880000.0
Soybeans,2008,9510800.0
Soybeans,2009,9734700.0
Soybeans,2010,9554190.0
Soybeans,2011,10180000.0
Soybeans,2012,10840000.0
Soybeans,2013,11716430.0
Soybeans,2014,11086000.0
Soybeans,2015,11670000.0
Soybeans,2016,11180000.0
Soybeans,2017,11183400.0
Soybeans,2018,10328830.0
Soybeans,2019,11131260.0
Spices nes,1990,497600.0
Spices nes,1991,470000.0
Spices nes,1992,504800.0
Spices nes,1993,613200.0
Spices nes,1994,579000.0
Spices nes,1995,547000.0
Spices nes,1996,588000.0
Spices nes,1997,647000.0
Spices nes,1998,686500.0
Spices nes,1999,556300.0
Spices nes,2000,545300.0
Spices nes,2001,596300.0
Spices nes,2002,397500.0
Spices nes,2003,633600.0
Spices nes,2004,507600.0
Spices nes,2005,512400.0
Spices nes,2006,499300.0
Spices nes,2007,559500.0
Spices nes,2008,578000.0
Spices nes,2009,541000.0
Spices nes,2010,725600.0
Spices nes,2011,776516.0
Spices nes,2012,740990.0
Spices nes,2013,740337.0
Spices nes,2014,680000.0
Spices nes,2015,737000.0
Spices nes,2016,768000.0
Spices nes,2017,526000.0
Spices nes,2018,836000.0
Spices nes,2019,824000.0
Sugar cane,1990,3439000.0
Sugar cane,1991,3686000.0
Sugar cane,1992,3840000.0
Sugar cane,1993,3570000.0
Sugar cane,1994,3420000.0
Sugar cane,1995,3870000.0
Sugar cane,1996,4150000.0
Sugar cane,1997,4174100.0
Sugar cane,1998,3929800.0
Sugar cane,1999,4054900.0
Sugar cane,2000,4219700.0
Sugar cane,2001,4315700.0
Sugar cane,2002,4411600.0
Sugar cane,2003,4520300.0
Sugar cane,2004,3938400.0
Sugar cane,2005,3661500.0
Sugar cane,2006,4201100.0
Sugar cane,2007,5150000.0
Sugar cane,2008,5055200.0
Sugar cane,2009,4415400.0
Sugar cane,2010,4174600.0
Sugar cane,2011,4944390.0
Sugar cane,2012,5040000.0
Sugar cane,2013,5000000.0
Sugar cane,2014,4990000.0
Sugar cane,2015,5070000.0
Sugar cane,2016,4950000.0
Sugar cane,2017,4435690.0
Sugar cane,2018,4737060.0
Sugar cane,2019,5061090.0
Sunflower seed,1990,1633000.0
Sunflower seed,1991,2114000.0
Sunflower seed,1992,2085000.0
Sunflower seed,1993,2668000.0
Sunflower seed,1994,1998000.0
Sunflower seed,1995,2120000.0
Sunflower seed,1996,1930000.0
Sunflower seed,1997,1740000.0
Sunflower seed,1998,1824700.0
Sunflower seed,1999,1288100.0
Sunflower seed,2000,1073800.0
Sunflower seed,2001,1176800.0
Sunflower seed,2002,1642200.0
Sunflower seed,2003,2003500.0
Sunflower seed,2004,2160600.0
Sunflower seed,2005,2339600.0
Sunflower seed,2006,2160000.0
Sunflower seed,2007,1910000.0
Sunflower seed,2008,1812800.0
Sunflower seed,2009,1476600.0
Sunflower seed,2010,930000.0
Sunflower seed,2011,730000.0
Sunflower seed,2012,820000.0
Sunflower seed,2013,671500.0
Sunflower seed,2014,552000.0
Sunflower seed,2015,470000.0
Sunflower seed,2016,474000.0
Sunflower seed,2017,381110.0
Sunflower seed,2018,283510.0
Sunflower seed,2019,262010.0
Sweet potatoes,1990,157100.0
Sweet potatoes,1991,152600.0
Sweet potatoes,1992,136500.0
Sweet potatoes,1993,141400.0
Sweet potatoes,1994,143900.0
Sweet potatoes,1995,144600.0
Sweet potatoes,1996,141000.0
Sweet potatoes,1997,129900.0
Sweet potatoes,1998,120600.0
Sweet potatoes,1999,134400.0
Sweet potatoes,2000,114000.0
Sweet potatoes,2001,114000.0
Sweet potatoes,2002,131900.0
Sweet potatoes,2003,131900.0
Sweet potatoes,2004,133100.0
Sweet potatoes,2005,133300.0
Sweet potatoes,2006,122800.0
Sweet potatoes,2007,122700.0
Sweet potatoes,2008,123000.0
Sweet potatoes,2009,124300.0
Sweet potatoes,2010,118900.0
Sweet potatoes,2011,113200.0
Sweet potatoes,2012,110400.0
Sweet potatoes,2013,111800.0
Sweet potatoes,2014,105870.0
Sweet potatoes,2015,107000.0
Sweet potatoes,2016,126000.0
Sweet potatoes,2017,128000.0
Sweet potatoes,2018,131000.0
Sweet potatoes,2019,110000.0
Tea,1990,415000.0
Tea,1991,421000.0
Tea,1992,444000.0
Tea,1993,448000.0
Tea,1994,426000.0
Tea,1995,428000.0
Tea,1996,427000.0
Tea,1997,431000.0
Tea,1998,434000.0
Tea,1999,474000.0
Tea,2000,490000.0
Tea,2001,504000.0
Tea,2002,510000.0
Tea,2003,516000.0
Tea,2004,520000.0
Tea,2005,521000.0
Tea,2006,555611.0
Tea,2007,567020.0
Tea,2008,578458.0
Tea,2009,579000.0
Tea,2010,579000.0
Tea,2011,600000.0
Tea,2012,605000.0
Tea,2013,563980.0
Tea,2014,604000.0
Tea,2015,566660.0
Tea,2016,577480.0
Tea,2017,621610.0
Tea,2018,622947.0
Tea,2019,628199.0
"Tobacco, unmanufactured",1990,413100.0
"Tobacco, unmanufactured",1991,410800.0
"Tobacco, unmanufactured",1992,427000.0
"Tobacco, unmanufactured",1993,418500.0
"Tobacco, unmanufactured",1994,384800.0
"Tobacco, unmanufactured",1995,381000.0
"Tobacco, unmanufactured",1996,394000.0
"Tobacco, unmanufactured",1997,428000.0
"Tobacco, unmanufactured",1998,464000.0
"Tobacco, unmanufactured",1999,508100.0
"Tobacco, unmanufactured",2000,433400.0
"Tobacco, unmanufactured",2001,260000.0
"Tobacco, unmanufactured",2002,350000.0
"Tobacco, unmanufactured",2003,330000.0
"Tobacco, unmanufactured",2004,369700.0
"Tobacco, unmanufactured",2005,366500.0
"Tobacco, unmanufactured",2006,372800.0
"Tobacco, unmanufactured",2007,370000.0
"Tobacco, unmanufactured",2008,350000.0
"Tobacco, unmanufactured",2009,390690.0
"Tobacco, unmanufactured",2010,444280.0
"Tobacco, unmanufactured",2011,490000.0
"Tobacco, unmanufactured",2012,460000.0
"Tobacco, unmanufactured",2013,445873.0
"Tobacco, unmanufactured",2014,424511.0
"Tobacco, unmanufactured",2015,430962.0
"Tobacco, unmanufactured",2016,435507.0
"Tobacco, unmanufactured",2017,438294.0
"Tobacco, unmanufactured",2018,441903.0
"Tobacco, unmanufactured",2019,445993.0
Tomatoes,1990,290279.0
Tomatoes,1991,289077.0
Tomatoes,1992,308653.0
Tomatoes,1993,310000.0
Tomatoes,1994,350000.0
Tomatoes,1995,350000.0
Tomatoes,1996,374893.0
Tomatoes,1997,400000.0
Tomatoes,1998,410000.0
Tomatoes,1999,470000.0
Tomatoes,2000,460000.0
Tomatoes,2001,460000.0
Tomatoes,2002,458100.0
Tomatoes,2003,478800.0
Tomatoes,2004,502800.0
Tomatoes,2005,505400.0
Tomatoes,2006,546100.0
Tomatoes,2007,596000.0
Tomatoes,2008,566000.0
Tomatoes,2009,599100.0
Tomatoes,2010,634400.0
Tomatoes,2011,865000.0
Tomatoes,2012,907000.0
Tomatoes,2013,880000.0
Tomatoes,2014,882030.0
Tomatoes,2015,767000.0
Tomatoes,2016,774000.0
Tomatoes,2017,797000.0
Tomatoes,2018,789000.0
Tomatoes,2019,781000.0
"Vegetables, fresh nes",1990,2260000.0
"Vegetables, fresh nes",1991,2310000.0
"Vegetables, fresh nes",1992,1900000.0
"Vegetables, fresh nes",1993,2100000.0
"Vegetables, fresh nes",1994,1740000.0
"Vegetables, fresh nes",1995,2480000.0
"Vegetables, fresh nes",1996,2000000.0
"Vegetables, fresh nes",1997,2093466.0
"Vegetables, fresh nes",1998,2039300.0
"Vegetables, fresh nes",1999,2050000.0
"Vegetables, fresh nes",2000,2070000.0
"Vegetables, fresh nes",2001,2490000.0
"Vegetables, fresh nes",2002,2310000.0
"Vegetables, fresh nes",2003,3370000.0
"Vegetables, fresh nes",2004,1736800.0
"Vegetables, fresh nes",2005,2010200.0
"Vegetables, fresh nes",2006,2247400.0
"Vegetables, fresh nes",2007,2282000.0
"Vegetables, fresh nes",2008,2414000.0
"Vegetables, fresh nes",2009,2275400.0
"Vegetables, fresh nes",2010,2332000.0
"Vegetables, fresh nes",2011,2083000.0
"Vegetables, fresh nes",2012,2352000.0
"Vegetables, fresh nes",2013,2815000.0
"Vegetables, fresh nes",2014,2623000.0
"Vegetables, fresh nes",2015,2561030.0
"Vegetables, fresh nes",2016,2645115.0
"Vegetables, fresh nes",2017,2691177.0
"Vegetables, fresh nes",2018,2911000.0
"Vegetables, fresh nes",2019,2970000.0
"Walnuts, with shell",1990,24600.0
"Walnuts, with shell",1991,25800.0
"Walnuts, with shell",1992,26400.0
"Walnuts, with shell",1993,27500.0
"Walnuts, with shell",1994,28400.0
"Walnuts, with shell",1995,28800.0
"Walnuts, with shell",1996,29120.0
"Walnuts, with shell",1997,29950.0
"Walnuts, with shell",1998,29950.0
"Walnuts, with shell",1999,30300.0
"Walnuts, with shell",2000,30200.0
"Walnuts, with shell",2001,30200.0
"Walnuts, with shell",2002,30200.0
"Walnuts, with shell",2003,30500.0
"Walnuts, with shell",2004,30500.0
"Walnuts, with shell",2005,30800.0
"Walnuts, with shell",2006,30800.0
"Walnuts, with shell",2007,30800.0
"Walnuts, with shell",2008,30800.0
"Walnuts, with shell",2009,30800.0
"Walnuts, with shell",2010,30800.0
"Walnuts, with shell",2011,30800.0
"Walnuts, with shell",2012,31500.0
"Walnuts, with shell",2013,31000.0
"Walnuts, with shell",2014,31000.0
"Walnuts, with shell",2015,31000.0
"Walnuts, with shell",2016,31000.0
"Walnuts, with shell",2017,390345.0
"Walnuts, with shell",2018,390345.0
"Walnuts, with shell",2019,390345.0
Watermelons,1990,16000.0
Watermelons,1991,16194.0
Watermelons,1992,16300.0
Watermelons,1993,16500.0
Watermelons,1994,16800.0
Watermelons,1995,17000.0
Watermelons,1996,17300.0
Watermelons,1997,19000.0
Watermelons,1998,19076.0
Watermelons,1999,19574.0
Watermelons,2000,20000.0
Watermelons,2001,20687.0
Watermelons,2002,21383.0
Watermelons,2003,22078.0
Watermelons,2004,22771.0
Watermelons,2005,23393.0
Watermelons,2006,24066.0
Watermelons,2007,24737.0
Watermelons,2008,25409.0
Watermelons,2009,26080.0
Watermelons,2010,26753.0
Watermelons,2011,67400.0
Watermelons,2012,71000.0
Watermelons,2013,81000.0
Watermelons,2014,75000.0
Watermelons,2015,89000.0
Watermelons,2016,95000.0
Watermelons,2017,91000.0
Watermelons,2018,101000.0
Watermelons,2019,100000.0
Wheat,1990,23501904.0
Wheat,1991,24167104.0
Wheat,1992,23261904.0
Wheat,1993,24588900.0
Wheat,1994,25147300.0
Wheat,1995,25700000.0
Wheat,1996,25011000.0
Wheat,1997,25887100.0
Wheat,1998,26696100.0
Wheat,1999,27523300.0
Wheat,2000,27486000.0
Wheat,2001,25730600.0
Wheat,2002,26344700.0
Wheat,2003,25195700.0
Wheat,2004,26594700.0
Wheat,2005,26382900.0
Wheat,2006,26483600.0
Wheat,2007,27994500.0
Wheat,2008,28038600.0
Wheat,2009,27752400.0
Wheat,2010,28457400.0
Wheat,2011,29068600.0
Wheat,2012,29860000.0
Wheat,2013,29650000.0
Wheat,2014,30470000.0
Wheat,2015,31470000.0
Wheat,2016,30420000.0
Wheat,2017,30785230.0
Wheat,2018,29650590.0
Wheat,2019,29318790.0
